NumElements,BTreeDiskTime_ms,BSTDiskTime_ms,Speedup
1000,20,140,7
5000,20,180,9
10000,20,190,9.5
50000,30,220,7.33333
100000,30,240,8
500000,30,270,9
1000000,30,280,9.33333
